id,predicted_runs
0,47.38735823353749
1,46.696932028306016
